index,INVC_CONT
32000,4.358434
32001,4.332676
32002,4.0700793
32003,4.4979863
32004,4.2771735
32005,4.1199493
32006,4.2497497
32007,3.959515
32008,4.7381797
32009,4.768158
32010,4.932872
32011,4.1213274
32012,4.4260993
32013,4.8768907
32014,4.4163284
32015,4.2333007
32016,4.2547708
32017,4.27505
32018,4.3514485
32019,4.3775535
32020,4.2388887
32021,4.23802
32022,4.237503
32023,3.8645978
32024,3.9442677
32025,4.1213274
32026,4.1465554
32027,4.1927934
32028,4.1927934
32029,4.473554
32030,4.4093757
32031,4.8460875
32032,4.1199493
32033,4.237834
32034,4.2221193
32035,4.480069
32036,3.984332
32037,4.237834
32038,4.1927934
32039,4.606336
32040,4.882117
32041,4.36511
32042,4.263023
32043,4.2771735
32044,4.742924
32045,4.754366
32046,4.2307587
32047,4.3365846
32048,4.2309546
32049,4.2313476
32050,4.7634125
32051,4.755317
32052,5.05702
32053,4.3514485
32054,4.358432
32055,4.098397
32056,4.40955
32057,4.40955
32058,4.7473025
32059,4.768158
32060,4.3326764
32061,4.1465554
32062,4.2311378
32063,4.742026
32064,4.2315807
32065,4.210641
32066,4.2514663
32067,4.536787
32068,4.738317
32069,4.7644224
32070,3.8614554
32071,4.1213207
32072,4.27565
32073,4.336582
32074,4.2311378
32075,4.404153
32076,4.048478
32077,3.9081812
32078,4.8486032
32079,4.0700707
32080,4.132972
32081,5.0090623
32082,4.3290763
32083,4.9641047
32084,4.876891
32085,4.7473073
32086,4.958942
32087,4.2221184
32088,4.3514485
32089,4.26763
32090,3.9081812
32091,3.9442573
32092,3.9442573
32093,4.738317
32094,4.2506
32095,3.9366207
32096,4.0700707
32097,4.2551675
32098,4.2630205
32099,4.336582
32100,4.9616923
32101,4.2497478
32102,4.7870107
32103,4.278419
32104,5.057966
32105,4.4863133
32106,4.358429
32107,4.328697
32108,4.048478
32109,3.9066372
32110,5.0162864
32111,5.8796134
32112,6.1133747
32113,6.1913857
32114,6.039293
32115,6.0392647
32116,6.0392647
32117,6.039262
32118,5.7453794
32119,5.603505
32120,5.3967257
32121,5.329413
32122,5.197228
32123,5.197227
32124,5.126898
32125,5.1323185
32126,4.856786
32127,4.9442606
32128,5.0154285
32129,5.2528434
32130,5.2528434
32131,5.261434
32132,5.254262
32133,5.244362
32134,5.543931
32135,5.5294704
32136,5.536445
32137,5.542788
32138,5.542788
32139,5.5427938
32140,5.5916963
32141,5.5760465
32142,5.5979114
32143,5.58351
32144,5.600385
32145,5.600385
32146,5.6296167
32147,5.6524477
32148,5.6598167
32149,5.6598167
32150,5.676528
32151,5.69021
32152,5.701412
32153,5.7014093
32154,5.7014093
32155,5.7014093
32156,5.7014093
32157,5.7014136
32158,5.7014136
32159,5.7014136
32160,5.7014093
32161,5.7014136
32162,5.7014093
32163,5.7014093
32164,5.7014136
32165,5.7180166
32166,5.71313
32167,5.71313
32168,5.71313
32169,5.7297072
32170,5.71313
32171,5.71313
32172,5.7131433
32173,5.753663
32174,5.7701526
32175,5.7650995
32176,5.7815475
32177,5.8810635
32178,6.4447656
32179,6.821832
32180,6.8452086
32181,6.593431
32182,6.5060134
32183,6.3224063
32184,6.3104177
32185,4.2146106
32186,4.2146106
32187,4.2146106
32188,4.2373347
32189,4.2588696
32190,4.2640643
32191,4.2792087
32192,4.2792087
32193,4.307469
32194,4.316289
32195,4.324805
32196,4.333018
32197,4.369553
32198,4.3759484
32199,4.2532344
32200,4.272043
32201,4.272043
32202,4.278184
32203,4.244485
32204,4.2436805
32205,4.242737
32206,4.2425427
32207,4.2342644
32208,4.251575
32209,4.2523804
32210,3.893845
32211,3.9387808
32212,4.163344
32213,4.1767693
32214,4.2351737
32215,4.2351727
32216,4.2351727
32217,4.259997
32218,4.424736
32219,4.424736
32220,4.764766
32221,4.81057
32222,4.946525
32223,4.7422667
32224,4.747997
32225,4.8896775
32226,4.2146106
32227,4.226125
32228,4.288927
32229,4.369553
32230,4.274221
32231,4.2881656
32232,4.2820005
32233,4.234185
32234,4.2532005
32235,3.9225917
32236,4.079635
32237,4.516286
32238,4.8789687
32239,4.8789687
32240,4.163344
32241,4.0796385
32242,4.3759484
32243,4.2792087
32244,4.242737
32245,4.281963
32246,4.163341
32247,4.2373347
32248,4.8582125
32249,4.2224865
32250,5.8764415
32251,4.163344
32252,4.496083
32253,4.0248795
32254,4.0796385
32255,4.251575
32256,4.0248795
32257,4.1767693
32258,4.7521315
32259,4.242737
32260,4.2342644
32261,4.422177
32262,4.7381783
32263,4.2801003
32264,4.259258
32265,4.9414783
32266,4.284808
32267,3.9529514
32268,4.3759484
32269,4.2673206
32270,4.234439
32271,5.0587115
32272,5.0587106
32273,4.274218
32274,4.279974
32275,3.9094071
32276,4.441058
32277,4.1010313
32278,4.431395
32279,4.4915733
32280,4.5044746
32281,4.3485436
32282,4.998204
32283,4.202803
32284,4.288929
32285,4.3695526
32286,4.288929
32287,4.3330173
32288,3.896954
32289,4.9749513
32290,4.9637775
32291,3.8938394
32292,4.9749603
32293,4.2831755
32294,4.202803
32295,4.2831755
32296,4.2828875
32297,4.2096286
32298,4.4245667
32299,4.3820386
32300,4.3695526
32301,3.9109612
32302,4.260777
32303,4.2425437
32304,3.976161
32305,4.1151304
32306,5.0586376
32307,4.778319
32308,4.7422647
32309,4.765696
32310,4.272123
32311,3.9761553
32312,4.1633263
32313,4.2523813
32314,3.8953924
32315,4.0219
32316,5.0581837
32317,3.982831
32318,4.0700793
32319,4.755317
32320,4.7607737
32321,3.908187
32322,4.231138
32323,4.205625
32324,4.210641
32325,4.2333007
32326,4.2333007
32327,4.3032227
32328,4.3032227
32329,4.3514485
32330,4.3584285
32331,4.2785864
32332,4.2412114
32333,4.2388887
32334,3.8903623
32335,3.8903623
32336,3.908187
32337,3.9903169
32338,4.473554
32339,4.5381503
32340,4.8923373
32341,4.8460875
32342,4.7418623
32343,4.32908
32344,4.2818933
32345,4.8918114
32346,3.8645978
32347,4.04849
32348,4.8821177
32349,4.23802
32350,4.239631
32351,4.480069
32352,4.259952
32353,4.186797
32354,4.244183
32355,4.2578917
32356,4.275652
32357,4.1329846
32358,4.2769394
32359,4.275652
32360,4.275652
32361,3.8614593
32362,3.9066453
32363,3.9282084
32364,4.1199493
32365,4.2307663
32366,4.466757
32367,4.466756
32368,4.7634125
32369,4.3032227
32370,4.250602
32371,4.473172
32372,3.908187
32373,4.2717376
32374,4.2771726
32375,3.8598852
32376,4.2332983
32377,4.466751
32378,4.956822
32379,4.2818956
32380,4.17978
32381,4.1927843
32382,5.056923
32383,4.2599535
32384,4.2380147
32385,3.9081812
32386,4.1213207
32387,4.744861
32388,4.9698477
32389,4.237835
32390,4.371483
32391,4.240407
32392,4.255128
32393,3.925126
32394,4.2313457
32395,4.2441826
32396,4.365109
32397,4.269752
32398,4.2550554
32399,4.28288
32400,3.9903145
32401,4.1213207
32402,4.122694
32403,4.2307568
32404,4.47354
32405,4.9543643
32406,4.2506
32407,5.0162864
32408,4.112335
32409,3.9843235
32410,4.866503
32411,3.9366207
32412,4.4667463
32413,4.9782057
32414,4.20562
32415,4.741862
32416,3.959516
32417,4.3441668
32418,4.539441
32419,4.2818956
32420,4.2514663
32421,3.9081812
32422,4.846087
32423,4.73791
32424,4.738044
32425,6.1133747
32426,5.603436
32427,5.4648314
32428,5.197227
32429,5.1647053
32430,4.8191786
32431,4.6919656
32432,4.8553066
32433,4.9530826
32434,5.4273367
32435,5.2443776
32436,5.5294757
32437,5.542788
32438,5.542788
32439,5.5747957
32440,5.6296086
32441,5.629615
32442,5.6296144
32443,5.647797
32444,5.6598167
32445,5.6598167
32446,5.6598287
32447,5.6598287
32448,5.6598287
32449,5.676528
32450,5.676527
32451,5.7003374
32452,5.6836886
32453,5.690196
32454,5.7068253
32455,5.690196
32456,5.69021
32457,5.718014
32458,5.701412
32459,5.7014093
32460,5.7014136
32461,5.7014136
32462,5.7014136
32463,5.7014136
32464,5.718016
32465,5.7180166
32466,5.7180166
32467,5.7014093
32468,5.7131343
32469,5.7701526
32470,5.7650905
32471,5.804149
32472,5.7877493
32473,5.8153553
32474,5.8101397
32475,6.038995
32476,6.0739636
32477,6.4454165
32478,6.6201906
32479,6.6237583
32480,6.836117
32481,6.8181014
32482,6.699819
32483,6.689819
32484,6.4550247
32485,4.0248795
32486,4.248251
32487,4.2792087
32488,4.316289
32489,4.369553
32490,4.3759484
32491,4.382038
32492,4.2762613
32493,4.2898283
32494,4.244485
32495,4.244082
32496,4.244082
32497,4.2436805
32498,4.2436805
32499,4.2436805
32500,4.242181
32501,4.2344403
32502,3.8922877
32503,3.940311
32504,4.0159707
32505,4.0219145
32506,4.0219145
32507,4.079635
32508,4.101036
32509,4.101036
32510,4.209632
32511,4.4915853
32512,4.4915853
32513,4.554367
32514,4.424393
32515,4.441065
32516,4.441062
32517,4.9589195
32518,4.8891964
32519,4.8685412
32520,4.868539
32521,4.8455086
32522,4.8430014
32523,4.7537484
32524,4.7405744
32525,4.7620015
32526,4.260776
32527,3.9685822
32528,4.2373347
32529,4.3409295
32530,4.3759484
32531,4.2673206
32532,4.283183
32533,4.2898283
32534,4.2342644
32535,4.2342644
32536,3.9109712
32537,3.9685822
32538,4.101036
32539,4.4915853
32540,4.5217657
32541,4.8789687
32542,4.8685412
32543,4.8455086
32544,4.7380295
32545,4.7383275
32546,4.7551827
32547,4.7620015
32548,4.765772
32549,4.969406
32550,4.043316
32551,4.079635
32552,4.272043
32553,4.283183
32554,3.9225917
32555,3.9685822
32556,4.0248795
32557,4.4243956
32558,4.961355
32559,4.7380295
32560,4.7657733
32561,5.8874674
32562,4.496425
32563,4.2344403
32564,4.2588696
32565,4.3370147
32566,4.086807
32567,4.424736
32568,3.9225917
32569,4.2344403
32570,4.961355
32571,4.946525
32572,4.234439
32573,4.5105133
32574,4.7422647
32575,4.1010313
32576,4.1010313
32577,4.496419
32578,4.765696
32579,3.957149
32580,5.0587115
32581,4.2523794
32582,3.940302
32583,4.2640667
32584,4.3820386
32585,4.243678
32586,3.957149
32587,4.557211
32588,4.765696
32589,3.8922763
32590,4.269189
32591,4.3695526
32592,5.0585594
32593,5.0060797
32594,4.281032
32595,4.2983484
32596,4.3074694
32597,4.3162875
32598,4.324802
32599,4.163328
32600,4.426228
32601,4.0219054
32602,4.2720423
32603,4.889196
32604,3.9529514
32605,4.9440107
32606,4.2810345
32607,4.562122
32608,5.876434
32609,4.630351
32610,5.058559
32611,4.7551246
32612,4.043294
32613,4.2753363
32614,4.4093757
32615,4.275652
32616,3.8614593
32617,4.7380447
32618,4.426103
32619,4.283858
32620,4.259952
32621,4.3514485
32622,4.371483
32623,4.473172
32624,4.2605176
32625,4.7498865
32626,4.2547708
32627,4.3120146
32628,4.3205056
32629,4.371483
32630,4.252239
32631,4.267633
32632,4.2312374
32633,3.8786807
32634,3.9266734
32635,3.9282084
32636,4.1226997
32637,4.417536
32638,4.9616904
32639,4.283097
32640,4.239631
32641,4.250602
32642,4.3396697
32643,3.959515
32644,5.057878
32645,4.8821177
32646,3.984332
32647,4.7512655
32648,4.8918114
32649,3.9442677
32650,4.768158
32651,4.4053593
32652,4.186797
32653,4.2547708
32654,4.27505
32655,4.36511
32656,4.2784195
32657,4.237834
32658,4.2309546
32659,4.231581
32660,4.2497497
32661,3.9251347
32662,3.9251347
32663,3.9903169
32664,4.011879
32665,4.2430644
32666,4.473554
32667,4.486317
32668,4.4093757
32669,4.993219
32670,5.057878
32671,4.371483
32672,4.486317
32673,4.978207
32674,5.86855
32675,4.2810674
32676,4.280905
32677,4.882118
32678,3.925126
32679,4.4979796
32680,4.3441668
32681,4.339659
32682,4.2941313
32683,4.3032217
32684,4.237835
32685,3.8903584
32686,4.365109
32687,4.7553124
32688,5.057877
32689,4.243055
32690,4.3032217
32691,4.328694
32692,4.365109
32693,3.9366207
32694,3.9903145
32695,4.866503
32696,4.7381816
32697,4.943096
32698,4.3448772
32699,3.875543
32700,4.2277455
32701,4.763406
32702,4.122694
32703,4.409543
32704,4.1927843
32705,4.0700707
32706,4.749887
32707,4.7553124
32708,4.2311378
32709,4.2753286
32710,4.239257
32711,4.2941318
32712,4.763406
32713,6.1149163
32714,5.1647053
32715,5.0624623
32716,4.9171486
32717,5.4594073
32718,5.4289017
32719,5.4355893
32720,5.282715
32721,5.254262
32722,5.2443776
32723,5.526941
32724,5.5294704
32725,5.559757
32726,5.6296086
32727,5.6463923
32728,5.6463923
32729,5.629615
32730,5.6598287
32731,5.6598287
32732,5.6598287
32733,5.6598287
32734,5.690196
32735,5.690196
32736,5.6901994
32737,5.701412
32738,5.7014093
32739,5.7014093
32740,5.7014136
32741,5.7180114
32742,5.718016
32743,5.7180166
32744,5.7014136
32745,5.7014136
32746,5.7014136
32747,5.7180166
32748,5.7180166
32749,5.7297206
32750,5.770136
32751,5.7650905
32752,5.7650905
32753,5.7650905
32754,5.7650995
32755,5.7815475
32756,5.8972497
32757,6.0486455
32758,6.3427706
32759,6.634245
32760,6.6296372
32761,6.705199
32762,6.7136636
32763,6.788803
32764,6.8227816
32765,6.8312364
32766,6.588766
32767,6.4550157
32768,4.231765
32769,4.2792087
32770,4.2792087
32771,4.288927
32772,4.316289
32773,4.3759484
32774,4.382038
32775,4.250021
32776,4.2620716
32777,4.272043
32778,4.272043
32779,4.272043
32780,4.272043
32781,4.278184
32782,4.289058
32783,4.284808
32784,4.246178
32785,4.246174
32786,4.242737
32787,4.2425427
32788,4.2523804
32789,4.2810335
32790,4.297299
32791,3.8922877
32792,3.893845
32793,3.8969707
32794,3.9225917
32795,3.9387808
32796,3.940311
32797,3.9761734
32798,4.0159707
32799,4.086807
32800,4.150438
32801,4.1517963
32802,4.1531596
32803,4.163339
32804,4.163344
32805,4.2476764
32806,4.516279
32807,4.4932046
32808,4.4226937
32809,4.4199314
32810,4.6011086
32811,4.9756246
32812,4.9637766
32813,4.7386317
32814,4.742265
32815,4.747997
32816,4.2146106
32817,4.307469
32818,3.9571605
32819,4.2673206
32820,4.269749
32821,4.272043
32822,4.272043
32823,4.2762613
32824,4.289058
32825,4.2342644
32826,4.0796385
32827,4.1504364
32828,4.2224913
32829,4.796847
32830,4.9891973
32831,4.8891964
32832,4.747997
32833,5.8764324
32834,5.8874645
32835,4.9869885
32836,4.9531407
32837,4.562128
32838,4.7521315
32839,5.058711
32840,4.3485427
32841,4.259997
32842,4.884207
32843,4.2881637
32844,4.2820005
32845,4.4238067
32846,4.014478
32847,4.5217624
32848,4.422177
32849,4.333018
32850,4.355849
32851,4.2425427
32852,4.234185
32853,3.9571605
32854,4.4932036
32855,4.2351737
32856,4.4245667
32857,4.2599916
32858,5.8764315
32859,4.496076
32860,4.7422657
32861,3.9109612
32862,3.9761662
32863,5.0571327
32864,4.1906977
32865,4.243678
32866,4.3409295
32867,4.024869
32868,4.9685698
32869,4.2819643
32870,4.4212003
32871,4.773655
32872,4.1906977
32873,3.9761662
32874,4.5044746
32875,4.2831755
32876,4.3759484
32877,4.2515717
32878,3.9529514
32879,4.1517935
32880,4.4410567
32881,4.222483
32882,4.256306
32883,4.863361
32884,4.2348986
32885,4.0219054
32886,4.4898496
32887,4.242179
32888,4.3074694
32889,4.337012
32890,4.3409295
32891,4.243678
32892,4.6189895
32893,4.623519
32894,4.3409295
32895,4.3409295
32896,4.2507777
32897,4.2523794
32898,4.498161
32899,4.5044746
32900,4.2810345
32901,4.4243884
32902,4.4325876
32903,4.764759
32904,4.150419
32905,4.250776
32906,4.2523813
32907,4.2351575
32908,4.764759
32909,4.234263
32910,4.0144644
32911,4.3448944
32912,4.2380195
32913,4.4797125
32914,4.480069
32915,4.7607737
32916,4.8665004
32917,4.4093757
32918,4.2277465
32919,4.2221193
32920,4.2221193
32921,4.27505
32922,4.2941318
32923,4.3514485
32924,4.3514485
32925,4.3514485
32926,4.3775535
32927,4.2784195
32928,4.23802
32929,4.237503
32930,3.8786807
32931,3.9948015
32932,4.1465554
32933,4.1465554
32934,4.466756
32935,4.4922886
32936,4.538148
32937,4.473172
32938,4.768158
32939,4.768158
32940,4.787014
32941,4.2818933
32942,3.982831
32943,4.3205056
32944,3.984332
32945,4.205626
32946,4.344882
32947,4.964101
32948,4.7517333
32949,3.8598938
32950,4.2605176
32951,4.3326764
32952,4.480069
32953,4.0484886
32954,4.36511
32955,4.2497497
32956,4.2605176
32957,4.7383194
32958,4.27505
32959,4.267633
32960,4.237505
32961,3.9442673
32962,4.0484886
32963,4.4163284
32964,4.606331
32965,4.964101
32966,4.742026
32967,4.7418647
32968,4.473172
32969,5.057879
32970,4.751265
32971,4.280904
32972,4.7383194
32973,4.263023
32974,4.3032217
32975,3.8645868
32976,4.2311378
32977,4.416319
32978,4.239628
32979,4.23109
32980,3.8903584
32981,3.9932933
32982,4.423001
32983,4.533873
32984,4.328694
32985,3.9442587
32986,4.407303
32987,3.8614554
32988,4.3514485
32989,4.2846994
32990,3.9366207
32991,4.0843
32992,4.2056203
32993,4.47354
32994,4.7543626
32995,4.7553124
32996,4.280905
32997,4.2653947
32998,4.73791
32999,4.2307568
33000,4.543951
33001,4.2551675
33002,4.760778
33003,4.2056203
33004,3.9081812
33005,4.47936
33006,4.27565
33007,6.191339
33008,5.8176136
33009,5.7453675
33010,5.603505
33011,5.197228
33012,5.004756
33013,4.880292
33014,4.8191786
33015,4.9073324
33016,5.2528353
33017,5.2482433
33018,5.5294757
33019,5.536446
33020,5.5597515
33021,5.574797
33022,5.5760465
33023,5.58351
33024,5.5989795
33025,5.6296167
33026,5.6463923
33027,5.690196
33028,5.690196
33029,5.6901994
33030,5.6901994
33031,5.7014093
33032,5.7014093
33033,5.7014093
33034,5.7014136
33035,5.7180166
33036,5.7180166
33037,5.7014136
33038,5.7014093
33039,5.7014093
33040,5.71313
33041,5.71313
33042,5.7297206
33043,5.7586827
33044,5.7701507
33045,5.7701526
33046,5.7650843
33047,5.7650905
33048,5.7650905
33049,5.7650995
33050,5.7764516
33051,6.0486455
33052,6.615382
33053,6.6201906
33054,6.634245
33055,6.63661
33056,6.7307963
33057,6.7290382
33058,6.795012
33059,6.682955
33060,6.571516
33061,4.264064
33062,4.362854
33063,4.2673206
33064,4.272043
33065,4.2425427
33066,4.242181
33067,4.2810335
33068,4.282888
33069,4.297299
33070,3.8922877
33071,3.8969707
33072,3.8969707
33073,3.9109712
33074,3.9571605
33075,4.0159707
33076,4.026359
33077,4.079635
33078,4.079635
33079,4.1517963
33080,4.1531596
33081,4.2351727
33082,4.3568926
33083,4.496425
33084,4.424568
33085,4.441062
33086,4.764766
33087,4.7657
33088,4.7736573
33089,5.0571327
33090,5.0571327
33091,4.8633637
33092,4.7359962
33093,4.7620015
33094,4.765772
33095,4.2881656
33096,4.242737
33097,4.014478
33098,4.2224913
33099,4.4981713
33100,4.5621333
33101,4.7380295
33102,4.7381783
33103,4.226125
33104,4.362854
33105,4.1517963
33106,4.496425
33107,4.8789687
33108,4.7657733
33109,4.1151385
33110,4.231765
33111,4.422177
33112,3.8954072
33113,4.2762613
33114,4.2673206
33115,4.2436805
33116,4.778322
33117,4.269189
33118,4.272043
33119,4.2351737
33120,4.0248795
33121,4.738474
33122,4.765772
33123,4.764766
33124,4.9756236
33125,3.9529505
33126,4.605541
33127,4.764766
33128,4.944009
33129,4.4313984
33130,4.8430014
33131,4.2476764
33132,4.2983484
33133,4.297298
33134,4.547907
33135,5.876433
33136,4.324802
33137,4.28716
33138,4.2476673
33139,4.333018
33140,4.2647543
33141,4.23411
33142,4.0159636
33143,4.281032
33144,3.8922763
33145,4.2476673
33146,4.8685417
33147,3.9225883
33148,4.2476673
33149,4.2647543
33150,4.998204
33151,4.496419
33152,4.7422647
33153,4.765696
33154,4.9694004
33155,4.765771
33156,3.940302
33157,4.9637766
33158,3.9094071
33159,3.9387712
33160,4.764761
33161,4.231766
33162,4.2482514
33163,3.9109612
33164,3.9225883
33165,3.957149
33166,4.421674
33167,4.0796285
33168,4.2476673
33169,4.3162875
33170,4.3162875
33171,4.3759484
33172,3.896954
33173,4.024869
33174,4.7551227
33175,4.7386312
33176,4.3628516
33177,4.2898207
33178,4.024859
33179,4.4960737
33180,5.003502
33181,4.9374824
33182,4.234263
33183,4.288164
33184,4.810566
33185,4.2691875
33186,4.4960737
33187,4.2828875
33188,4.242736
33189,4.7512665
33190,4.846088
33191,4.891808
33192,3.9970326
33193,4.2277474
33194,4.3286953
33195,4.2313476
33196,4.479367
33197,4.4053593
33198,4.250602
33199,4.283858
33200,4.283097
33201,4.2056284
33202,4.239631
33203,4.9643617
33204,4.186797
33205,4.3205056
33206,4.3441687
33207,4.2412114
33208,4.2818933
33209,3.8598938
33210,3.9251347
33211,3.9903169
33212,3.9933057
33213,4.205625
33214,4.205625
33215,4.486317
33216,4.40955
33217,4.8946524
33218,4.218282
33219,4.1226997
33220,4.237505
33221,4.4093757
33222,4.239631
33223,4.36511
33224,4.486318
33225,4.871684
33226,4.11234
33227,4.27505
33228,4.9872155
33229,4.742026
33230,4.2333007
33231,4.36511
33232,4.267633
33233,4.2771735
33234,4.237503
33235,3.984332
33236,4.2430625
33237,4.5033975
33238,4.3032227
33239,4.280904
33240,4.1927934
33241,4.7384586
33242,5.0575633
33243,4.365109
33244,4.358427
33245,4.1465516
33246,4.255128
33247,4.751265
33248,4.2750487
33249,4.8923364
33250,4.282139
33251,5.0570197
33252,4.742026
33253,4.0118637
33254,4.4084163
33255,4.312012
33256,4.312012
33257,4.278419
33258,3.875543
33259,3.9266615
33260,3.9442587
33261,3.9903145
33262,4.2056203
33263,4.243054
33264,4.871688
33265,4.7382536
33266,4.406286
33267,4.2277455
33268,4.8873544
33269,4.2550554
33270,4.312012
33271,4.231238
33272,4.9782057
33273,3.8598852
33274,3.9281955
33275,3.9366207
33276,4.5307164
33277,4.964356
33278,4.27565
33279,4.205617
33280,5.8796134
33281,4.5307126
33282,4.503388
33283,4.535365
33284,3.8630185
33285,4.876891
33286,4.3514485
33287,4.409543
33288,4.2374997
33289,6.037495
33290,5.96247
33291,6.0392647
33292,5.0624623
33293,5.004756
33294,4.942153
33295,4.873843
33296,4.88025
33297,4.88025
33298,4.819171
33299,4.9073324
33300,5.4491916
33301,5.4223933
33302,5.219607
33303,5.244362
33304,5.244362
33305,5.488446
33306,5.529924
33307,5.5294704
33308,5.542788
33309,5.574797
33310,5.5916963
33311,5.600385
33312,5.58351
33313,5.6296167
33314,5.6463757
33315,5.647797
33316,5.6598167
33317,5.6598167
33318,5.6598167
33319,5.690196
33320,5.7068386
33321,5.690196
33322,5.690196
33323,5.6902018
33324,5.7014084
33325,5.718013
33326,5.7014093
33327,5.7014093
33328,5.7014093
33329,5.7014093
33330,5.7014136
33331,5.7014136
33332,5.7014136
33333,5.7180166
33334,5.7014093
33335,5.7014093
33336,5.7014093
33337,5.7014093
33338,5.7014093
33339,5.71313
33340,5.7297206
33341,5.71313
33342,5.7131343
33343,5.753663
33344,5.753663
33345,5.765093
33346,5.7650995
33347,5.7650995
33348,5.7815475
33349,5.7650995
33350,5.7764463
33351,5.7764516
33352,5.7928815
33353,5.7877445
33354,5.8153553
33355,5.8810635
33356,6.3427706
33357,6.4454165
33358,6.6201906
33359,6.629638
33360,6.643653
33361,6.7290382
33362,6.7626543
33363,6.7094707
33364,6.571516
33365,4.2146106
33366,4.231765
33367,4.2588696
33368,4.288927
33369,4.333018
33370,4.3485427
33371,4.3759484
33372,4.3759484
33373,4.382038
33374,4.272043
33375,4.2881637
33376,4.251575
33377,4.2523804
33378,4.2810335
33379,3.8922877
33380,3.9094186
33381,3.9225917
33382,3.9387808
33383,3.9387808
33384,3.9761734
33385,4.026359
33386,4.043316
33387,4.101036
33388,4.129094
33389,4.150438
33390,4.163339
33391,4.2224913
33392,4.2224913
33393,4.2351737
33394,4.259997
33395,4.4981713
33396,4.4981713
33397,4.424393
33398,4.888671
33399,4.752132
33400,4.765772
33401,4.969406
33402,4.1517963
33403,4.7521315
33404,4.2792087
33405,4.362854
33406,4.369553
33407,4.283183
33408,3.9109712
33409,4.2351737
33410,4.510517
33411,4.764766
33412,4.288927
33413,4.5558276
33414,4.4325953
33415,4.3759484
33416,4.5558276
33417,4.6303577
33418,5.0204487
33419,4.272043
33420,4.2436805
33421,4.150438
33422,4.264064
33423,3.940311
33424,4.7657733
33425,3.9109712
33426,4.281963
33427,4.242181
33428,4.2620716
33429,4.496425
33430,4.382038
33431,4.369553
33432,4.324805
33433,4.764766
33434,4.1906986
33435,4.2224913
33436,4.7405705
33437,4.2647543
33438,3.940302
33439,4.163331
33440,4.496076
33441,4.422688
33442,4.9515257
33443,4.2224846
33444,5.0585594
33445,4.7521296
33446,4.3695526
33447,3.9094071
33448,3.9225883
33449,3.9225883
33450,4.9891977
33451,4.889196
33452,4.226122
33453,4.765696
33454,4.5558147
33455,4.562126
33456,4.242179
33457,4.2523794
33458,5.0587115
33459,4.2592487
33460,3.9225883
33461,4.2146096
33462,4.262065
33463,4.282003
33464,4.2349
33465,4.2499957
33466,4.2351604
33467,3.9109612
33468,4.3558464
33469,4.153155
33470,4.2599916
33471,4.4915733
33472,4.4247293
33473,4.426227
33474,4.3759484
33475,4.2983484
33476,4.2720447
33477,4.4410505
33478,4.618986
33479,4.7657714
33480,4.233987
33481,4.868542
33482,3.95714
33483,4.231765
33484,4.2898207
33485,4.3409305
33486,4.431389
33487,4.2769394
33488,3.9366326
33489,4.275652
33490,4.11234
33491,4.218282
33492,5.8685503
33493,4.371483
33494,4.8918114
33495,3.8786807
33496,4.993219
33497,4.2430625
33498,4.1213274
33499,4.2547708
33500,4.26506
33501,4.284739
33502,4.3032227
33503,4.36511
33504,4.2785864
33505,4.2392583
33506,4.248909
33507,3.8786807
33508,4.0843086
33509,4.11234
33510,4.1213274
33511,4.205625
33512,4.4053593
33513,4.4110746
33514,4.606331
33515,4.8460875
33516,3.982831
33517,4.973579
33518,4.275652
33519,4.742026
33520,4.205625
33521,4.0700793
33522,4.3514485
33523,4.42015
33524,4.8665004
33525,4.592695
33526,4.27505
33527,4.27505
33528,4.3441687
33529,4.36511
33530,4.2697515
33531,4.237505
33532,4.250602
33533,4.251467
33534,3.9903169
33535,4.3396697
33536,4.755317
33537,4.768158
33538,4.800994
33539,4.891808
33540,4.8716846
33541,4.1329846
33542,4.3514485
33543,4.2785864
33544,4.250602
33545,4.4084244
33546,4.5381446
33547,4.282139
33548,4.476494
33549,3.8598852
33550,4.47354
33551,4.8923364
33552,5.86855
33553,4.28474
33554,4.27565
33555,3.9081812
33556,3.994793
33557,4.416322
33558,4.4979796
33559,4.2056203
33560,4.1927843
33561,4.4800653
33562,4.365109
33563,4.25789
33564,4.2846994
33565,4.2991805
33566,3.9266615
33567,4.1329775
33568,4.218278
33569,4.416319
33570,4.1213207
33571,5.0013695
33572,4.3514485
33573,4.205617
33574,4.1199374
33575,4.0118637
33576,4.265059
33577,5.0090647
33578,4.1213207
33579,4.2550554
33580,3.8598852
33581,4.2497478
33582,4.2653947
33583,4.2769337
33584,4.2380147
33585,5.0570197
33586,4.278419
33587,4.231238
33588,4.8923364
33589,3.994793
33590,6.0375104
33591,5.964534
33592,5.7453794
33593,5.1268816
33594,5.126891
33595,5.1647053
33596,4.942183
33597,4.942183
33598,4.88025
33599,4.88025
33600,4.907335
33601,5.2528353
33602,5.4491916
33603,5.459426
33604,5.4680047
33605,5.435573
33606,5.4767785
33607,5.4938936
33608,5.529924
33609,5.5294757
33610,5.5294704
33611,5.5427885
33612,5.576049
33613,5.600385
33614,5.58351
33615,5.6296086
33616,5.6296167
33617,5.6296086
33618,5.6463923
33619,5.6463923
33620,5.6598287
33621,5.6598287
33622,5.6598287
33623,5.706823
33624,5.690196
33625,5.7014084
33626,5.701412
33627,5.7014084
33628,5.7014136
33629,5.7014093
33630,5.7014093
33631,5.7014093
33632,5.7014093
33633,5.7014093
33634,5.7014136
33635,5.7014136
33636,5.7014136
33637,5.7014093
33638,5.7180166
33639,5.7297115
33640,5.753663
33641,5.753663
33642,5.7650905
33643,5.7650995
33644,5.7764463
33645,5.7928815
33646,5.798979
33647,6.32395
33648,6.6296353
33649,6.6296372
33650,6.7290382
33651,6.7426047
33652,6.8019724
33653,6.8019776
33654,6.7589993
33655,6.7589993
33656,6.696523
33657,6.59344
33658,6.591284
33659,6.5639033
33660,4.226125
33661,4.226125
33662,4.231765
33663,4.269189
33664,4.288927
33665,4.3330197
33666,4.3370147
33667,4.3409295
33668,4.355849
33669,4.355849
33670,4.3759484
33671,4.264758
33672,4.2673206
33673,4.274221
33674,4.283183
33675,4.244485
33676,4.2436805
33677,4.242181
33678,4.251575
33679,4.251575
33680,4.282888
33681,3.8969707
33682,3.9094186
33683,3.9225917
33684,3.9387808
33685,3.940311
33686,3.9685822
33687,3.9685822
33688,4.0159707
33689,4.0219145
33690,4.086807
33691,4.101036
33692,4.259997
33693,4.5269613
33694,4.496083
33695,4.496083
33696,4.424736
33697,4.4262357
33698,4.4262357
33699,4.4313984
33700,4.4313984
33701,4.4314003
33702,4.7657
33703,5.058711
33704,4.8685412
33705,4.7380295
33706,4.7620015
33707,4.3409295
33708,4.288927
33709,4.307469
33710,4.369553
33711,4.382038
33712,4.274221
33713,4.2898283
33714,4.251575
33715,3.9571605
33716,3.976172
33717,4.4898624
33718,4.422177
33719,4.618994
33720,4.778322
33721,4.8685412
33722,4.863361
33723,4.7405744
33724,5.8874674
33725,4.248251
33726,4.1906986
33727,4.0159707
33728,4.7620015
33729,4.307469
33730,4.281963
33731,4.242737
33732,3.9987855
33733,3.9987855
33734,4.1531596
33735,4.209632
33736,4.0219145
33737,4.796845
33738,4.563189
33739,4.963777
33740,4.244082
33741,5.8764324
33742,4.7423215
33743,4.274221
33744,4.2834635
33745,4.316289
33746,3.9109712
33747,3.9109712
33748,4.4314003
33749,4.6055393
33750,4.3409295
33751,4.0248795
33752,4.1767693
33753,4.5598087
33754,4.424736
33755,4.4325953
33756,4.7657
33757,4.7657733
33758,4.274221
33759,4.4325953
33760,4.284808
33761,4.0248795
33762,4.234264
33763,4.153155
33764,4.764761
33765,5.8764234
33766,4.014471
33767,4.27626
33768,3.9529514
33769,4.2224846
33770,4.88867
33771,4.272131
33772,3.9685693
33773,4.1151304
33774,4.3759484
33775,4.024869
33776,4.1290817
33777,4.153155
33778,4.4247293
33779,4.9694004
33780,4.2476673
33781,4.2317667
33782,4.3695526
33783,4.3695526
33784,3.9685693
33785,4.429183
33786,4.441058
33787,4.2831755
33788,4.234264
33789,4.2482514
33790,4.2507777
33791,5.0587106
33792,4.2592487
33793,4.2848063
33794,4.1906977
33795,4.288929
33796,4.333018
33797,4.2444863
33798,3.9761662
33799,4.0263495
33800,4.2373347
33801,4.2427382
33802,3.9387712
33803,3.9761662
33804,4.1010313
33805,4.2224846
33806,4.432588
33807,5.0585594
33808,4.2647543
33809,4.4915733
33810,4.422168
33811,3.9094071
33812,4.3628516
33813,4.247659
33814,3.907846
33815,4.2640657
33816,3.9109516
33817,4.251575
33818,4.5269475
33819,4.953135
33820,4.2523813
33821,4.324804
33822,4.234263
33823,5.0587096
33824,4.5882034
33825,4.2333016
33826,4.01188
33827,4.2785864
33828,4.993219
33829,4.8918114
33830,3.9366326
33831,3.9442673
33832,3.8755555
33833,4.281069
33834,4.280904
33835,4.0843086
33836,4.5661488
33837,4.27505
33838,4.2941318
33839,4.3205056
33840,4.328697
33841,4.3584285
33842,4.2578917
33843,4.2769394
33844,4.2313476
33845,4.250602
33846,3.8903623
33847,3.9266734
33848,3.9933057
33849,4.011879
33850,4.11234
33851,4.1213274
33852,5.0139327
33853,4.7512655
33854,4.2653947
33855,4.267633
33856,4.0484886
33857,4.3441687
33858,4.2697515
33859,4.2550535
33860,4.294131
33861,4.2798796
33862,4.0700793
33863,4.1465554
33864,4.764427
33865,4.737912
33866,4.3775535
33867,4.871684
33868,4.544912
33869,4.2388887
33870,4.244183
33871,4.2941318
33872,4.358432
33873,4.267633
33874,4.2392583
33875,4.23802
33876,4.251467
33877,3.8771143
33878,3.9251347
33879,3.982831
33880,3.9948015
33881,4.606336
33882,4.891808
33883,4.754199
33884,4.250602
33885,4.2313476
33886,4.27505
33887,4.7473025
33888,4.278419
33889,4.8923364
33890,4.8923364
33891,4.2630205
33892,3.8786683
33893,3.9843235
33894,3.9903145
33895,4.479704
33896,4.25789
33897,4.269752
33898,3.9281955
33899,4.239628
33900,4.186797
33901,4.3032217
33902,4.371483
33903,4.2056203
33904,4.479704
33905,3.8786683
33906,4.7382536
33907,4.2313457
33908,4.7473073
33909,4.2771754
33910,4.1199427
33911,4.0843
33912,4.479704
33913,4.365109
33914,4.371483
33915,4.237835
33916,4.0843
33917,4.218278
33918,4.4110713
33919,4.416319
33920,5.0570197
33921,4.9735794
33922,4.2388873
33923,4.993219
33924,4.20562
33925,4.2551684
33926,4.2056203
33927,4.3032217
33928,3.8786683
33929,4.416322
33930,4.890172
33931,4.24891
33932,4.1927843
33933,4.7384577
33934,4.4053583
33935,5.8685427
33936,4.218278
33937,4.9712358
33938,4.239257
33939,5.0575633
33940,5.96247
33941,5.2629313
33942,5.126874
33943,5.1323185
33944,4.9421353
33945,4.9171486
33946,4.9803147
33947,5.2243433
33948,5.2243433
33949,5.244362
33950,5.2096467
33951,5.472873
33952,5.542788
33953,5.600385
33954,5.6463847
33955,5.676527
33956,5.6598167
33957,5.676527
33958,5.683679
33959,5.683694
33960,5.683679
33961,5.690196
33962,5.6925645
33963,5.701412
33964,5.701412
33965,5.7014093
33966,5.7014093
33967,5.7014093
33968,5.7014136
33969,5.7014136
33970,5.7014136
33971,5.718016
33972,5.7014136
33973,5.7014093
33974,5.718016
33975,5.7131376
33976,5.7131343
33977,5.7131433
33978,5.7701526
33979,5.7701526
33980,5.7650905
33981,5.7650995
33982,5.7650995
33983,5.765098
33984,5.781541
33985,5.7815485
33986,5.7651014
33987,5.776446
33988,5.8264823
33989,6.4594216
33990,6.4454165
33991,6.624938
33992,6.704834
33993,6.7290382
33994,6.798897
33995,6.8204694
33996,6.7121367
33997,6.7062993
33998,6.696523
33999,6.6846795
34000,6.573755
34001,4.2588696
34002,4.2588696
34003,4.2792087
34004,4.298349
34005,4.298349
34006,4.307469
34007,4.3485427
34008,4.3759484
34009,4.3759484
34010,4.2620716
34011,4.2620735
34012,4.264758
34013,4.269749
34014,4.272043
34015,4.272043
34016,4.274221
34017,4.284808
34018,4.2607794
34019,4.2453165
34020,4.244082
34021,4.2342644
34022,4.2532005
34023,4.2801003
34024,3.8922877
34025,3.893845
34026,3.893845
34027,3.893845
34028,3.8954072
34029,3.9109712
34030,3.976172
34031,4.026359
34032,4.043316
34033,4.079635
34034,4.1428995
34035,4.2224913
34036,4.2224913
34037,4.2351737
34038,4.2476764
34039,4.3568926
34040,4.496083
34041,5.0581846
34042,4.7405744
34043,4.7506943
34044,4.894156
34045,4.249996
34046,4.2351727
34047,3.9761734
34048,4.2792087
34049,4.2792087
34050,4.362854
34051,4.260776
34052,4.2421827
34053,4.014478
34054,4.0219145
34055,4.424736
34056,4.424736
34057,4.884207
34058,4.8582125
34059,4.369553
34060,4.362854
34061,4.764766
34062,4.028579
34063,4.0796385
34064,4.2224913
34065,4.244485
34066,5.018186
34067,4.298349
34068,4.324805
34069,4.4981713
34070,4.752132
34071,4.496425
34072,4.1767693
34073,4.382038
34074,3.9387808
34075,4.3485427
34076,4.2762613
34077,4.764766
34078,4.246178
34079,5.8764324
34080,4.234111
34081,4.250778
34082,4.362854
34083,4.778319
34084,5.876433
34085,4.7380304
34086,4.0219054
34087,4.8789687
34088,4.579348
34089,4.2499957
34090,4.1151304
34091,4.4915733
34092,4.2500224
34093,4.4898496
34094,4.88867
34095,3.9602003
34096,4.741424
34097,4.3409295
34098,4.3695526
34099,4.274218
34100,4.2881637
34101,3.9225883
34102,3.940302
34103,4.3759484
34104,4.234264
34105,4.2444863
34106,4.234264
34107,4.2828875
34108,4.2640667
34109,4.3074694
34110,4.2348986
34111,4.4247293
34112,4.5044746
34113,4.2351604
34114,3.9586744
34115,3.9078522
34116,4.3558464
34117,3.976161
34118,4.3558445
34119,4.284804
34120,4.4325876
34121,4.7381773
34122,4.2691875
34123,4.750482
34124,3.878687
34125,4.210643
34126,4.3514485
34127,4.2550535
34128,4.1226997
34129,4.8716846
34130,4.2182846
34131,4.40955
34132,3.908187
34133,4.404151
34134,5.05702
34135,4.0700793
34136,4.479367
34137,3.9066453
34138,4.975903
34139,3.8755555
34140,4.3032227
34141,4.263023
34142,4.2392583
34143,4.2309546
34144,4.283858
34145,3.8645978
34146,3.8755555
34147,3.9366326
34148,4.1329875
34149,4.1927934
34150,4.243062
34151,4.480068
34152,4.544913
34153,4.40955
34154,4.8873544
34155,4.275652
34156,4.371483
34157,4.231581
34158,3.984332
34159,4.479367
34160,4.26506
34161,4.4110746
34162,4.891808
34163,4.2277465
34164,4.3365846
34165,4.3441687
34166,4.36511
34167,4.2697515
34168,4.2771735
34169,4.2392583
34170,4.248909
34171,4.283858
34172,3.8755555
34173,3.9903169
34174,4.0484886
34175,4.11234
34176,4.1797867
34177,4.2056284
34178,4.344882
34179,4.7512655
34180,4.7607737
34181,4.3120146
34182,4.0843086
34183,4.7607737
34184,4.255131
34185,4.2771735
34186,4.2380147
34187,3.8645868
34188,3.9843235
34189,4.1199427
34190,4.416319
34191,5.0575633
34192,3.8771086
34193,4.1199374
34194,4.47354
34195,4.365109
34196,4.887351
34197,4.280905
34198,4.466751
34199,4.2818956
34200,3.9281955
34201,4.210641
34202,4.2941318
34203,4.255128
34204,4.2630205
34205,4.2514663
34206,3.9081812
34207,4.1199427
34208,4.218278
34209,4.885768
34210,4.406784
34211,4.1927843
34212,4.538143
34213,4.179775
34214,4.271737
34215,4.2599535
34216,4.2506
34217,4.1213207
34218,4.5338774
34219,3.9366207
34220,5.0039845
34221,4.2380147
34222,4.365109
34223,4.751265
34224,6.039293
34225,5.9275045
34226,5.1322975
34227,4.935982
34228,4.942183
34229,4.9421353
34230,4.7518697
34231,4.7518916
34232,4.944258
34233,5.2528353
34234,5.372685
34235,5.244362
34236,5.2096467
34237,5.474178
34238,5.4767814
34239,5.4767785
34240,5.5294757
34241,5.546471
34242,5.574797
34243,5.583508
34244,5.600385
34245,5.58351
34246,5.6296186
34247,5.6463923
34248,5.6598287
34249,5.6717906
34250,5.690196
34251,5.69021
34252,5.7068386
34253,5.701412
34254,5.7014084
34255,5.7014084
34256,5.701412
34257,5.7014093
34258,5.7180166
34259,5.7014093
34260,5.7014093
34261,5.7014093
34262,5.718016
34263,5.7014093
34264,5.7180114
34265,5.7131376
34266,5.7536654
34267,5.7536707
34268,5.770147
34269,5.7650843
34270,5.7650995
34271,5.7815475
34272,5.7815475
34273,5.7928815
34274,5.7989774
34275,6.71851
34276,6.7577434
34277,4.231765
34278,4.248251
34279,4.2792087
34280,4.298349
34281,4.362854
34282,4.3759484
34283,4.2532344
34284,4.269749
34285,4.272043
34286,4.2820005
34287,4.244082
34288,4.244082
34289,4.2436805
34290,4.242181
34291,4.242181
34292,4.2342644
34293,4.250778
34294,3.9109712
34295,3.940311
34296,3.9571605
34297,3.9586844
34298,4.014478
34299,4.0248795
34300,4.026359
34301,4.086807
34302,4.163341
34303,4.163341
34304,4.2351737
34305,4.2351727
34306,4.3673053
34307,4.424568
34308,5.058561
34309,4.868539
34310,4.8430014
34311,4.738474
34312,4.7521315
34313,4.2792087
34314,4.362854
34315,4.246178
34316,4.250778
34317,4.0159707
34318,4.424736
34319,4.7422667
34320,4.209632
34321,4.630358
34322,4.868539
34323,4.4262314
34324,4.2373347
34325,4.250021
34326,4.2820005
34327,4.244082
34328,4.2425427
34329,4.251575
34330,5.8764324
34331,4.2801003
34332,4.284808
34333,4.3759484
34334,4.3759484
34335,4.7380295
34336,4.250021
34337,4.202803
34338,4.362854
34339,5.0585613
34340,4.7422667
34341,4.1531596
34342,4.81057
34343,4.424568
34344,4.297299
34345,4.2351727
34346,4.764766
34347,4.369553
34348,4.242737
34349,4.9982038
34350,4.2482514
34351,4.2599916
34352,4.3409295
34353,4.2697477
34354,4.778319
34355,4.884208
34356,4.431395
34357,4.262065
34358,4.235167
34359,4.0796285
34360,4.437995
34361,4.2640667
34362,4.1906977
34363,4.2983484
34364,4.1151304
34365,4.7657723
34366,4.8987
34367,4.2507777
34368,4.2351604
34369,5.0586376
34370,4.324802
34371,4.9440107
34372,4.2500224
34373,4.2792106
34374,4.963914
34375,4.337012
34376,4.498161
34377,4.1906977
34378,4.333018
34379,4.337012
34380,4.242179
34381,4.281032
34382,4.2351604
34383,4.4245667
34384,4.0263495
34385,4.2531996
34386,4.2828875
34387,4.9694004
34388,4.8685417
34389,4.024859
34390,4.998201
34391,3.8969507
34392,3.9761548
34393,4.7537503
34394,4.3628516
34395,4.176754
34396,4.3628516
34397,3.9987712
34398,4.431389
34399,4.3162856
34400,4.2312393
34401,4.2388916
34402,4.2307587
34403,4.23802
34404,3.9282084
34405,4.371483
34406,4.2785864
34407,4.479367
34408,4.2277465
34409,4.3365846
34410,4.11234
34411,4.198868
34412,4.210641
34413,4.244183
34414,4.284739
34415,4.284739
34416,4.3205056
34417,4.3205056
34418,4.3441687
34419,4.3514485
34420,4.371483
34421,4.2412114
34422,3.9366326
34423,3.9903169
34424,4.04849
34425,4.0557194
34426,4.4093757
34427,4.248909
34428,4.371483
34429,3.8786807
34430,4.473554
34431,4.8460875
34432,4.764427
34433,4.371483
34434,4.539445
34435,4.11234
34436,4.2221193
34437,4.237503
34438,4.3365846
34439,4.237503
34440,3.908187
34441,4.606336
34442,5.0090637
34443,5.0162873
34444,4.966495
34445,4.8923373
34446,4.8923373
34447,4.9589467
34448,4.1465554
34449,4.244183
34450,4.3205056
34451,4.2547703
34452,4.27565
34453,3.994793
34454,5.013933
34455,4.7553124
34456,4.7543626
34457,4.28474
34458,3.8614554
34459,4.2315807
34460,4.7382536
34461,4.9915867
34462,4.2941318
34463,3.9828277
34464,4.416319
34465,5.013933
34466,4.2630205
34467,4.246062
34468,4.239257
34469,3.9903145
34470,4.112335
34471,4.2750487
34472,4.2380147
34473,3.959516
34474,4.278419
34475,4.0700707
34476,4.0700707
34477,5.0575633
34478,4.978206
34479,4.47354
34480,4.7644234
34481,4.409543
34482,4.271737
34483,4.2310205
34484,3.8630185
34485,4.198864
34486,4.5661416
34487,4.479704
34488,3.8614554
34489,3.9828277
34490,6.0392647
34491,6.0392647
34492,5.7453675
34493,5.7453794
34494,5.396756
34495,5.197227
34496,5.197227
34497,5.1647053
34498,5.1647053
34499,5.0624623
34500,4.8738613
34501,5.0038304
34502,5.428916
34503,5.282715
34504,5.2443776
34505,5.2443776
34506,5.244362
34507,5.512887
34508,5.5269327
34509,5.5294704
34510,5.5464664
34511,5.536446
34512,5.5810294
34513,5.5835156
34514,5.6296186
34515,5.6296167
34516,5.6296167
34517,5.6296167
34518,5.629615
34519,5.6598167
34520,5.69021
34521,5.7068386
34522,5.701412
34523,5.701412
34524,5.7014093
34525,5.7014093
34526,5.7014093
34527,5.7014136
34528,5.7014136
34529,5.7014136
34530,5.7014136
34531,5.7014136
34532,5.718016
34533,5.7180166
34534,5.7014136
34535,5.7014136
34536,5.7014136
34537,5.7131376
34538,5.7297206
34539,5.7297206
34540,5.71313
34541,5.71313
34542,5.71313
34543,5.7131343
34544,5.7701445
34545,5.7536716
34546,5.7536707
34547,5.7650905
34548,5.7650905
34549,5.7650905
34550,5.7815475
34551,5.7764463
34552,6.629456
34553,6.634245
34554,6.623756
34555,6.8454432
34556,6.7473598
34557,6.5737495
34558,6.3032227
34559,4.226125
34560,4.248251
34561,4.248251
34562,4.2588696
34563,4.269189
34564,4.324805
34565,4.3485427
34566,4.3485427
34567,4.269749
34568,4.272043
34569,4.284808
34570,4.284808
34571,4.244082
34572,4.242737
34573,4.2425427
34574,4.2421827
34575,3.9529505
34576,3.893845
34577,3.893845
34578,3.8969707
34579,3.9225917
34580,3.9571605
34581,3.9571605
34582,3.976172
34583,4.0219145
34584,4.0248795
34585,4.0796385
34586,4.101036
34587,4.163341
34588,4.2721415
34589,4.496083
34590,4.496083
34591,4.424393
34592,4.441062
34593,4.764766
34594,4.9661827
34595,4.884209
34596,4.737049
34597,4.7422667
34598,4.3409295
34599,4.269189
34600,4.3409295
34601,4.269749
34602,4.2820005
34603,4.244082
34604,4.2421827
34605,4.2342644
34606,4.0248795
34607,4.0796385
34608,4.422177
34609,5.0585613
34610,4.961355
34611,4.7521315
34612,4.765772
34613,4.226125
34614,4.496083
34615,4.7506943
34616,4.362854
34617,4.2523804
34618,4.3759484
34619,4.424736
34620,4.7736573
34621,4.316289
34622,4.234185
34623,4.014478
34624,4.7422667
34625,4.1531596
34626,4.7355475
34627,4.086807
34628,4.2620716
34629,4.438004
34630,4.362854
34631,4.1767693
34632,4.2588696
34633,4.1151385
34634,3.8969707
34635,4.5044837
34636,4.429191
34637,4.4325953
34638,4.7521315
34639,4.3330197
34640,4.9982038
34641,3.9529505
34642,4.7521296
34643,4.429187
34644,4.264066
34645,4.27626
34646,4.2341824
34647,4.765771
34648,4.0159636
34649,4.1517935
34650,4.778319
34651,5.8764234
34652,4.362852
34653,4.2831755
34654,3.976161
34655,4.1010313
34656,4.498161
34657,4.429183
34658,4.843002
34659,4.2592487
34660,4.260777
34661,5.058184
34662,5.0587106
34663,4.3695526
34664,4.998204
34665,4.226122
34666,4.2834573
34667,4.2421813
34668,4.024869
34669,4.1290817
34670,4.737049
34671,4.1010313
34672,4.0219054
34673,4.0796285
34674,4.1151304
34675,4.1517935
34676,4.4247293
34677,4.764761
34678,4.496076
34679,4.3409295
34680,4.4981575
34681,4.8531
34682,4.973293
34683,3.9529538
34684,4.36955
34685,4.024859
34686,5.0571322
34687,4.1010175
34688,4.9847603
34689,4.2810345
34690,4.337013
34691,4.421668
34692,4.2691875
34693,4.9540052
34694,4.2388916
34695,4.2784185
34696,4.503402
34697,4.048502
34698,4.2375045
34699,4.231581
34700,4.26506
34701,3.9903169
34702,4.205626
34703,4.3120146
34704,4.23802
34705,3.8614593
34706,4.2697515
34707,4.3365846
34708,4.205626
34709,4.283097
34710,4.3205056
34711,4.755317
34712,3.9251347
34713,4.237834
34714,4.26506
34715,4.3032227
34716,4.3205056
34717,4.3365846
34718,4.3584285
34719,4.239631
34720,4.2388887
34721,4.250602
34722,4.11234
34723,4.1329875
34724,4.132986
34725,4.1797867
34726,4.2182846
34727,4.2430644
34728,4.4797096
34729,4.479367
34730,5.0575633
34731,4.7383194
34732,4.1797867
34733,3.863027
34734,4.2182846
34735,4.2821417
34736,4.23802
34737,3.959515
34738,3.9366326
34739,3.984332
34740,3.9948015
34741,4.7607737
34742,4.36511
34743,4.5882006
34744,4.755317
34745,4.8665004
34746,4.5381503
34747,4.8665004
34748,4.237834
34749,4.539444
34750,4.27505
34751,4.2717376
34752,4.0843086
34753,4.192785
34754,4.592695
34755,4.9518905
34756,5.057878
34757,4.473554
34758,4.267633
34759,4.2785864
34760,4.4261045
34761,4.3032217
34762,4.2374997
34763,4.0484853
34764,4.3448772
34765,4.7418633
34766,3.8786683
34767,4.112335
34768,4.25789
34769,4.282139
34770,4.409543
34771,4.479704
34772,5.0578794
34773,4.210641
34774,4.2277455
34775,4.2846994
34776,4.24891
34777,3.9066372
34778,3.9442573
34779,4.0700707
34780,4.1213207
34781,4.4078507
34782,5.0570197
34783,4.755737
34784,4.742026
34785,4.7553124
34786,4.7384577
34787,4.210641
34788,3.925126
34789,4.8873544
34790,4.358429
34791,4.2492166
34792,4.738044
34793,4.5406647
34794,4.958942
34795,5.0570197
34796,4.7381816
34797,5.96247
34798,5.7453675
34799,5.324758
34800,5.3294578
34801,5.197227
34802,5.197226
34803,5.197227
34804,4.88025
34805,5.4594073
34806,5.26396
34807,2.1815228
34808,5.5929437
34809,5.600376
34810,5.646386
34811,5.6598167
34812,5.6598287
34813,5.690196
34814,5.706823
34815,5.7014093
34816,5.7014093
34817,5.7014093
34818,5.7014093
34819,5.7014093
34820,5.7180166
34821,5.7180166
34822,5.7014093
34823,5.7014093
34824,5.7014136
34825,5.7014136
34826,5.7650905
34827,5.7650905
34828,5.7650995
34829,5.7815475
34830,5.7764516
34831,5.7764463
34832,5.7764463
34833,5.7877445
34834,5.8153453
34835,6.308618
34836,6.7185135
34837,6.821826
34838,6.82586
34839,6.696523
34840,6.578181
34841,6.5759773
34842,6.5737553
34843,4.248251
34844,4.2640643
34845,4.355849
34846,4.369553
34847,4.369553
34848,4.369553
34849,4.3759484
34850,4.269749
34851,4.269749
34852,4.272043
34853,4.283183
34854,4.283183
34855,4.283183
34856,4.260776
34857,4.244082
34858,4.2436805
34859,4.2425427
34860,4.234111
34861,4.251575
34862,4.2532005
34863,4.2810335
34864,4.297299
34865,3.893845
34866,3.9571605
34867,3.9761734
34868,4.0159707
34869,4.026359
34870,4.079635
34871,4.0796385
34872,4.1517963
34873,4.2224913
34874,4.2351727
34875,4.2476764
34876,4.259997
34877,4.563193
34878,4.4314003
34879,4.4325957
34880,4.7657
34881,4.7657
34882,5.0585613
34883,4.8737435
34884,4.974965
34885,4.0159707
34886,4.248251
34887,4.2640643
34888,4.2792087
34889,4.369553
34890,4.2436805
34891,3.893845
34892,3.976172
34893,4.0796385
34894,4.1517963
34895,4.1531596
34896,4.5572143
34897,4.7657
34898,5.058711
34899,5.0586386
34900,4.9694076
34901,4.274221
34902,5.05871
34903,4.333018
34904,4.362854
34905,4.244485
34906,4.251575
34907,3.9387808
34908,3.9685822
34909,4.422175
34910,4.4313984
34911,4.742265
34912,3.9529505
34913,4.2860394
34914,4.026359
34915,4.362854
34916,4.2425427
34917,4.2834635
34918,4.2342644
34919,4.2096376
34920,4.9847593
34921,5.0571327
34922,4.2351737
34923,4.4915853
34924,4.2146106
34925,4.2792087
34926,4.2673206
34927,4.2673206
34928,4.2820005
34929,4.2801003
34930,4.7381783
34931,4.778322
34932,3.9078665
34933,4.244485
34934,3.9571605
34935,5.876433
34936,4.2373347
34937,4.2515717
34938,3.957149
34939,4.079628
34940,4.163332
34941,5.058184
34942,5.876433
34943,4.3409295
34944,4.8685403
34945,4.235167
34946,4.2515717
34947,4.274218
34948,3.896954
34949,4.163328
34950,4.2351604
34951,4.858215
34952,4.2640667
34953,4.2440786
34954,3.9529514
34955,3.9685693
34956,4.741424
34957,4.234264
34958,4.024869
34959,3.9109612
34960,4.873743
34961,5.8874583
34962,4.1517935
34963,4.0263495
34964,4.3409295
34965,4.2781835
34966,4.2834573
34967,3.9685693
34968,4.024859
34969,4.1767483
34970,4.79684
34971,4.8633637
34972,3.9402938
34973,4.259978
34974,4.234263
34975,4.233987
34976,4.752129
34977,4.2096186
34978,4.2800994
34979,3.8969507
34980,4.4797096
34981,4.3514485
34982,4.2312374
34983,4.751265
34984,4.250602
34985,4.358432
34986,4.186797
34987,4.2333007
34988,4.244183
34989,4.27505
34990,4.284739
34991,4.3120146
34992,4.36511
34993,4.371483
34994,4.2388887
34995,3.982831
34996,4.0700793
34997,4.40955
34998,4.755317
34999,4.3326764
35000,3.9442677
35001,4.956818
35002,4.237503
35003,4.240411
35004,4.7380447
35005,4.8946524
35006,3.8771143
35007,4.2497497
35008,4.250602
35009,4.2313476
35010,3.8614593
35011,4.186797
35012,4.3032227
35013,4.3032227
35014,4.2605176
35015,4.2313476
35016,3.9266734
35017,4.479367
35018,4.417536
35019,4.417536
35020,4.754366
35021,4.876889
35022,4.2307587
35023,3.959515
35024,4.737912
35025,4.283097
35026,4.409543
35027,3.9066372
35028,4.365109
35029,4.958942
35030,4.2810674
35031,4.2374997
35032,4.473545
35033,5.0575633
35034,4.365109
35035,4.122694
35036,4.312012
35037,4.3514485
35038,4.7644224
35039,4.7681546
35040,4.198864
35041,4.2332983
35042,4.365109
35043,3.8614554
35044,3.8903584
35045,4.7473073
35046,4.9698477
35047,3.994793
35048,4.218278
35049,4.871688
35050,4.328697
35051,4.336582
35052,4.239257
35053,4.408419
35054,4.7473073
35055,3.9932933
35056,4.5381446
35057,4.336582
35058,4.4140816
35059,4.3441668
35060,4.0484853
35061,4.1213207
35062,4.371483
35063,4.2388873
35064,4.371483
35065,4.407304
35066,3.9442587
35067,4.048478
35068,4.409377
35069,3.8630185
35070,4.2818956
35071,4.2599535
35072,6.039293
35073,6.0392647
35074,5.8176136
35075,5.603505
35076,5.1647053
35077,4.9421353
35078,4.942183
35079,4.88025
35080,4.880292
35081,4.867862
35082,5.224337
35083,5.269903
35084,5.4112644
35085,5.4491916
35086,5.459426
35087,5.4693274
35088,5.2639675
35089,5.512887
35090,5.512887
35091,5.528195
35092,5.5294704
35093,5.5464664
35094,5.574797
35095,5.600385
35096,5.58351
35097,5.6463923
35098,5.6296086
35099,5.6598167
35100,5.6598287
35101,5.6598167
35102,5.6598167
35103,5.6598167
35104,5.6598287
35105,5.6598287
35106,5.676528
35107,5.690196
35108,5.690196
35109,5.6913805
35110,5.701412
35111,5.7014136
35112,5.7014093
35113,5.7014093
35114,5.7014093
35115,5.7014136
35116,5.7014136
35117,5.7180166
35118,5.7014136
35119,5.7014136
35120,5.7014136
35121,5.7014136
35122,5.71313
35123,5.713142
35124,5.7131376
35125,5.7536707
35126,5.770147
35127,5.7701526
35128,5.7650905
35129,5.7650905
35130,5.7764463
35131,5.804149
35132,5.8153553
35133,6.0486455
35134,6.6296296
35135,6.7171717
35136,6.5070043
35137,4.778322
35138,4.231765
35139,4.2792087
35140,4.298349
35141,4.333018
35142,4.355849
35143,4.3759484
35144,4.382038
35145,4.272043
35146,4.272043
35147,4.272043
35148,4.272043
35149,4.272043
35150,4.2762613
35151,4.2453165
35152,4.2344403
35153,3.8969707
35154,3.9109712
35155,3.940311
35156,3.9761734
35157,3.9761734
35158,4.0159707
35159,4.0219145
35160,4.0219145
35161,4.0248795
35162,4.1517963
35163,4.1531596
35164,4.2224913
35165,4.2351727
35166,4.2721424
35167,4.3673053
35168,4.4226937
35169,4.4313984
35170,4.4313984
35171,4.7657
35172,5.0585613
35173,5.0585613
35174,4.9847593
35175,4.8430014
35176,4.738474
35177,4.738474
35178,4.7551827
35179,4.7620015
35180,4.424396
35181,4.3759484
35182,4.963916
35183,4.307469
35184,4.307469
35185,4.324805
35186,4.3409295
35187,4.246178
35188,4.242737
35189,4.2801003
35190,3.9225917
35191,4.438004
35192,4.7381783
35193,4.163341
35194,4.274221
35195,4.2436805
35196,3.9529505
35197,4.4932046
35198,4.333018
35199,4.1517963
35200,4.752132
35201,4.1428995
35202,4.202803
35203,4.0248795
35204,4.202803
35205,4.7657
35206,4.2436805
35207,4.3673053
35208,3.9078665
35209,4.264064
35210,4.163341
35211,4.026359
35212,4.7381783
35213,4.2351737
35214,4.202803
35215,4.163328
35216,4.3759484
35217,4.243678
35218,4.333018
35219,4.2444863
35220,4.2720423
35221,4.496076
35222,5.0204473
35223,4.7384744
35224,4.2720423
35225,4.3759484
35226,4.431395
35227,5.013499
35228,4.23411
35229,4.7405725
35230,4.419924
35231,4.2532287
35232,4.3485436
35233,4.0219054
35234,4.150432
35235,4.2224846
35236,4.998204
35237,5.003503
35238,4.764761
35239,4.778318
35240,4.778319
35241,4.2444863
35242,4.3074694
35243,4.3074694
35244,4.324802
35245,4.3409295
35246,4.2831755
35247,4.043301
35248,4.423233
35249,4.242179
35250,4.2781835
35251,4.0159636
35252,4.4247293
35253,4.889196
35254,5.0571327
35255,3.9225883
35256,4.764761
35257,3.9402938
35258,4.4981575
35259,4.755181
35260,3.8938298
35261,4.2436833
35262,5.058559
35263,4.1906962
35264,3.8922672
35265,4.2380195
35266,4.210641
35267,5.057878
35268,3.9366326
35269,4.3396697
35270,4.7418623
35271,4.7512655
35272,4.4797096
35273,3.8645978
35274,4.1797867
35275,5.057879
35276,4.2818933
35277,4.3032227
35278,4.3120146
35279,4.3205056
35280,4.3205056
35281,4.3205056
35282,4.3205056
35283,4.3365846
35284,4.3365846
35285,4.3441687
35286,4.36511
35287,4.255131
35288,4.2392583
35289,4.2392583
35290,4.23802
35291,4.2309546
35292,3.984332
35293,3.984332
35294,3.9903169
35295,4.04849
35296,4.1213274
35297,4.205625
35298,4.205626
35299,4.8716846
35300,4.36511
35301,3.8903623
35302,3.8771143
35303,4.8716846
35304,3.9282084
35305,4.3120146
35306,4.2771735
35307,3.9933057
35308,4.768158
35309,4.8918114
35310,4.4140825
35311,4.250602
35312,4.2392583
35313,4.255173
35314,4.1797867
35315,4.473172
35316,3.8598938
35317,4.3365846
35318,4.275652
35319,4.2388887
35320,4.231581
35321,3.8786807
35322,3.9933057
35323,4.011879
35324,4.0843086
35325,4.1797867
35326,4.473554
35327,4.473554
35328,4.4163246
35329,4.4163284
35330,4.371483
35331,3.8614593
35332,4.098397
35333,4.280904
35334,4.7498865
35335,4.2653947
35336,4.365109
35337,4.2771754
35338,4.492283
35339,4.8873544
35340,4.738044
35341,3.875543
35342,4.3032217
35343,4.112333
35344,4.409543
35345,4.320505
35346,4.3514485
35347,4.365109
35348,4.2492166
35349,4.2388873
35350,3.9266615
35351,4.3448777
35352,4.73791
35353,4.751265
35354,4.2818956
35355,3.8786683
35356,4.0700707
35357,3.994793
35358,3.9066372
35359,4.231238
35360,4.365109
35361,4.377549
35362,3.8614554
35363,3.875543
35364,3.9081812
35365,4.122694
35366,4.416319
35367,4.4175296
35368,4.964102
35369,4.4261003
35370,4.231238
35371,4.299179
35372,4.1329813
35373,5.057877
35374,4.255056
35375,4.336582
35376,4.312012
35377,4.320505
35378,4.2818956
35379,3.8903584
35380,3.925126
35381,4.252343
35382,4.210641
35383,4.365109
35384,4.339659
35385,4.312012
35386,4.252343
35387,4.239628
35388,3.9843235
35389,6.0375104
35390,6.039293
35391,5.96247
35392,6.039293
35393,5.7453794
35394,5.52995
35395,4.8738613
35396,4.942183
35397,4.88025
35398,4.944258
35399,4.956378
35400,5.0038304
35401,5.2528434
35402,5.420637
35403,5.2096567
35404,5.244362
35405,5.2443776
35406,5.536445
35407,5.5427885
35408,5.576049
35409,5.58351
35410,5.6296086
35411,5.6296086
35412,5.6296086
35413,5.6296086
35414,5.6296086
35415,5.629615
35416,5.6598167
35417,5.6598167
35418,5.6598287
35419,5.6598287
35420,5.690196
35421,5.690196
35422,5.718014
35423,5.718014
35424,5.718014
35425,5.7180166
35426,5.7014093
35427,5.7014093
35428,5.7014093
35429,5.718016
35430,5.7180166
35431,5.7014093
35432,5.7014136
35433,5.7014093
35434,5.7014136
35435,5.7131343
35436,5.7131343
35437,5.7701507
35438,5.7536707
35439,5.7650995
35440,5.7815475
35441,6.0739636
35442,6.459428
35443,6.445432
35444,6.4509864
35445,6.4720874
35446,6.629462
35447,6.634245
35448,6.636614
35449,6.7171717
35450,6.7290382
35451,6.753922
35452,6.696523
35453,6.3445883
35454,4.226125
35455,4.231765
35456,4.2373347
35457,4.2792087
35458,4.307469
35459,4.316289
35460,4.324805
35461,4.3370147
35462,4.355849
35463,4.369553
35464,4.264758
35465,4.287162
35466,4.284808
35467,4.244485
35468,4.244082
35469,4.2436805
35470,4.234111
35471,4.251575
35472,3.9529505
35473,3.9529505
35474,3.8922877
35475,3.8922877
35476,3.8969707
35477,3.8969707
35478,3.8969707
35479,3.9078665
35480,3.940311
35481,4.0159707
35482,4.086807
35483,4.101036
35484,4.101036
35485,4.101036
35486,4.1151385
35487,4.129094
35488,4.2096376
35489,4.2351756
35490,4.4981713
35491,4.551265
35492,4.4224315
35493,4.4262357
35494,4.7736573
35495,5.0586386
35496,4.7423215
35497,4.7521315
35498,4.234185
35499,3.9094186
35500,4.491579
35501,4.2792087
35502,4.3759484
35503,4.244082
35504,4.242181
35505,4.242181
35506,3.8969707
35507,3.9571605
35508,3.9987855
35509,4.2351737
35510,4.2351727
35511,4.284091
35512,4.4915853
35513,5.0581846
35514,4.884207
35515,4.8789673
35516,4.7381783
35517,4.2351756
35518,4.7620015
35519,4.3409295
35520,4.287162
35521,4.7380295
35522,4.742265
35523,4.894156
35524,3.976172
35525,4.307469
35526,4.3485427
35527,4.3759484
35528,3.9094186
35529,4.2476764
35530,4.2349
35531,4.496425
35532,4.4915853
35533,4.231765
35534,4.0248795
35535,5.0585613
35536,4.0159707
35537,4.496425
35538,4.7422667
35539,4.234111
35540,5.058711
35541,3.976172
35542,4.2425427
35543,4.764766
35544,4.422688
35545,4.282003
35546,4.202803
35547,4.884208
35548,3.9225883
35549,4.288929
35550,4.2720423
35551,3.9225883
35552,5.0587115
35553,4.1151304
35554,4.2482514
35555,4.3409295
35556,3.9225883
35557,4.333018
35558,4.235167
35559,4.242179
35560,4.8455076
35561,5.058184
35562,4.2373347
35563,4.258868
35564,4.3162875
35565,4.3409295
35566,4.2515717
35567,4.0159636
35568,4.2351627
35569,4.2351604
35570,4.496076
35571,4.7380304
35572,4.2427382
35573,4.1906977
35574,4.3330173
35575,4.3485436
35576,3.9109612
35577,4.1010313
35578,5.0571327
35579,4.778319
35580,4.150432
35581,4.243678
35582,4.2351656
35583,4.8685403
35584,4.752129
35585,4.284804
35586,5.876431
35587,4.279208
35588,4.863363
35589,4.1151214
35590,4.0285625
35591,4.2828875
35592,4.2697487
35593,4.281964
35594,4.284739
35595,4.2941318
35596,4.7634125
35597,4.9643593
35598,4.8460875
35599,4.283097
35600,4.737094
35601,4.40955
35602,4.866502
35603,4.8923373
35604,4.4140825
35605,4.244183
35606,4.280904
35607,4.3032227
35608,4.358432
35609,4.371483
35610,4.3775535
35611,4.2653947
35612,4.2697515
35613,4.2717376
35614,4.2753363
35615,3.863027
35616,3.8645978
35617,3.9266734
35618,3.9366326
35619,3.9948015
35620,4.0700793
35621,4.11234
35622,4.4979863
35623,4.882117
35624,4.8716846
35625,4.3290815
35626,4.2547708
35627,4.283858
35628,4.2941318
35629,3.8771143
35630,4.754366
35631,4.5033975
35632,4.2653947
35633,3.8786807
35634,5.003985
35635,4.3326764
35636,4.3514485
35637,4.2753363
35638,4.3365846
35639,4.36511
35640,4.231138
35641,4.2497497
35642,4.250602
35643,3.8903623
35644,3.9948015
35645,4.011879
35646,4.486318
35647,4.4140825
35648,4.4163284
35649,4.753029
35650,4.7383194
35651,3.908187
35652,4.23802
35653,4.0843086
35654,4.4084244
35655,4.768158
35656,4.7365894
35657,4.0700707
35658,3.8645868
35659,4.3441668
35660,4.282139
35661,4.230951
35662,4.8562202
35663,4.048478
35664,4.210641
35665,4.480064
35666,4.876892
35667,4.791686
35668,4.2785826
35669,4.2497478
35670,3.875543
35671,3.9442573
35672,4.416319
35673,4.7553124
35674,4.7681546
35675,4.744861
35676,3.875543
35677,3.9843235
35678,4.8873544
35679,4.20562
35680,4.466751
35681,4.2547703
35682,4.2514663
35683,4.365109
35684,4.365109
35685,3.9843235
35686,4.1199427
35687,4.993219
35688,4.2653947
35689,3.9442587
35690,4.7644234
35691,4.768155
35692,4.3441668
35693,3.9442587
35694,4.0700707
35695,4.894652
35696,3.8598852
35697,4.0700707
35698,4.2506
35699,3.959516
35700,4.4084196
35701,4.738044
35702,4.2388873
35703,4.2182746
35704,4.2514663
35705,3.8630185
35706,4.2388873
35707,4.237502
35708,6.1149163
35709,6.039293
35710,5.603505
35711,5.197227
35712,5.004773
35713,4.8926945
35714,5.2441034
35715,5.2528434
35716,5.2528353
35717,5.2528353
35718,5.4414735
35719,5.4491787
35720,5.4273367
35721,5.4382358
35722,5.465225
35723,5.282715
35724,5.254262
35725,5.2443776
35726,5.512887
35727,5.54278
35728,5.5916963
35729,5.576049
35730,5.5760465
35731,5.583508
35732,5.58351
35733,5.600385
35734,5.6598167
35735,5.676527
35736,5.683694
35737,5.69021
35738,5.69021
35739,5.7014093
35740,5.7014093
35741,5.7014136
35742,5.7014136
35743,5.718016
35744,5.7014136
35745,5.7014136
35746,5.71313
35747,5.7131343
35748,5.7131343
35749,5.7131433
35750,5.7297153
35751,5.7131433
35752,5.7536716
35753,5.7650905
35754,5.7650905
35755,5.7650995
35756,5.7815485
35757,5.7650995
35758,5.7764463
35759,6.339031
35760,6.3464866
35761,6.4447656
35762,6.7171736
35763,6.762648
35764,6.706296
35765,6.682953
35766,6.6939135
35767,6.507974
35768,6.475685
35769,4.1906986
35770,4.1906986
35771,4.202803
35772,4.2588696
35773,4.2792087
35774,4.2792087
35775,4.2792087
35776,4.316289
35777,4.324805
35778,4.355849
35779,4.362854
35780,4.362854
35781,4.362854
35782,4.3759484
35783,4.284808
35784,4.246178
35785,4.244082
35786,4.244082
35787,4.2425427
35788,4.234185
35789,4.250778
35790,3.8969707
35791,3.9078665
35792,3.9571605
35793,4.014478
35794,4.0159707
35795,4.101036
35796,4.1428995
35797,4.2351737
35798,4.2351727
35799,4.2476764
35800,4.5558276
35801,4.496425
35802,4.424393
35803,4.4212074
35804,4.424568
35805,4.424568
35806,4.7657
35807,4.7657
35808,4.888671
35809,4.863361
35810,4.8430014
35811,4.8430014
35812,4.1906986
35813,4.3485427
35814,4.362854
35815,4.3759484
35816,4.3759484
35817,4.274221
35818,3.9225917
35819,3.9586844
35820,4.079635
35821,4.0796385
35822,4.2351737
35823,4.2351727
35824,4.8886704
35825,4.8987007
35826,4.3759484
35827,4.3370147
35828,4.282888
35829,3.8969707
35830,4.1531596
35831,5.05871
35832,4.202803
35833,4.8886704
35834,4.752132
35835,4.424736
35836,4.2146106
35837,3.9078665
35838,4.086807
35839,4.231765
35840,4.2421827
35841,4.1906986
35842,4.231765
35843,4.2898283
35844,5.8764324
35845,4.242181
35846,4.2523804
35847,3.976172
35848,4.764766
35849,4.765772
35850,4.101036
35851,4.249996
35852,4.288927
35853,4.369553
35854,4.2476673
35855,4.2532287
35856,4.3074694
35857,4.4247293
35858,4.8685417
35859,4.2720423
35860,4.4981613
35861,4.752127
35862,4.324802
35863,4.279974
35864,4.2515717
35865,4.431395
35866,4.324802
35867,4.2515717
35868,4.2819643
35869,4.1517935
35870,4.1010313
35871,5.013498
35872,4.2146096
35873,4.2341824
35874,4.234439
35875,4.0159636
35876,4.0219054
35877,4.554359
35878,4.2444863
35879,4.0159636
35880,4.1010313
35881,5.0587106
35882,3.896954
35883,4.7968435
35884,4.234439
35885,4.27213
35886,5.0587106
35887,3.8938394
35888,4.234439
35889,4.496076
35890,4.3558464
35891,4.2515717
35892,4.3759484
35893,4.202803
35894,4.324802
35895,4.262065
35896,4.2499957
35897,3.8922763
35898,4.441057
35899,4.863361
35900,4.324802
35901,4.324802
35902,4.2436833
35903,3.9109516
35904,4.1906962
35905,4.557204
35906,4.7783155
35907,4.7414217
35908,4.7384777
35909,4.298349
35910,4.4093833
35911,4.27505
35912,4.27505
35913,4.3326764
35914,4.2785864
35915,4.953594
35916,4.255131
35917,5.879615
35918,3.9251347
35919,4.132986
35920,4.1927934
35921,4.4110756
35922,4.2221193
35923,4.3032227
35924,4.3365846
35925,4.3584285
35926,4.2578917
35927,4.2717376
35928,4.2735987
35929,4.275652
35930,4.23802
35931,4.231138
35932,4.2313476
35933,4.2991776
35934,3.8903623
35935,4.011879
35936,4.11234
35937,4.11234
35938,4.1465554
35939,4.4163275
35940,4.237834
35941,4.592695
35942,4.9643617
35943,3.984332
35944,4.4110746
35945,4.787014
35946,4.36511
35947,4.1797867
35948,4.371483
35949,4.4260993
35950,4.3286953
35951,4.267633
35952,4.2388887
35953,4.250602
35954,4.2818933
35955,4.0557194
35956,5.0575633
35957,4.751265
35958,4.3205056
35959,4.2697515
35960,4.098397
35961,4.409543
35962,4.2818956
35963,4.2941318
35964,4.2307568
35965,3.9081812
35966,4.328697
35967,4.371483
35968,4.252343
35969,4.2056203
35970,4.4084196
35971,4.743872
35972,4.73791
35973,3.9066372
35974,4.606328
35975,4.949406
35976,4.846087
35977,3.9081812
35978,4.1213207
35979,4.2785826
35980,4.2221184
35981,4.894652
35982,5.0039845
35983,4.23109
35984,4.2547703
35985,4.2750487
35986,4.269752
35987,4.2313457
35988,4.2497478
35989,3.9442587
35990,4.0484853
35991,4.3448772
35992,4.954361
35993,4.8486032
35994,4.9518914
35995,3.8645868
35996,5.013933
35997,4.2798777
35998,3.8645868
35999,4.179775
36000,4.0118637
36001,4.2441826
36002,4.365109
36003,4.7541966
36004,6.039293
36005,5.7453675
36006,4.873843
36007,4.88025
36008,4.7518697
36009,4.89482
36010,4.907335
36011,4.956386
36012,5.2262096
36013,5.2528353
36014,5.372685
36015,5.459426
36016,5.2096467
36017,5.2443776
36018,5.512887
36019,5.5269327
36020,5.546471
36021,5.54279
36022,5.583508
36023,5.583508
36024,5.583508
36025,5.6296167
36026,5.6296086
36027,5.6463757
36028,5.629615
36029,5.6524477
36030,5.6356883
36031,5.647797
36032,5.676528
36033,5.7003374
36034,5.6901994
36035,5.7014136
36036,5.7014093
36037,5.7014136
36038,5.701422
36039,5.718016
36040,5.7180166
36041,5.7014093
36042,5.71313
36043,5.71313
36044,5.7131376
36045,5.7131343
36046,5.7131343
36047,5.74216
36048,5.74216
36049,5.742164
36050,5.7536707
36051,5.7650905
36052,5.781541
36053,5.7815475
36054,5.7815475
36055,5.7815475
36056,5.7815475
36057,5.7764463
36058,6.445432
36059,6.6436505
36060,6.6296296
36061,6.7171683
36062,6.8233314
36063,6.584322
36064,6.470547
36065,6.4550247
36066,6.3002257
36067,4.1151385
36068,4.1906986
36069,4.226125
36070,4.2373347
36071,4.2792087
36072,4.3370147
36073,4.3409295
36074,4.3485427
36075,4.355849
36076,4.362854
36077,4.362854
36078,4.3759484
36079,4.3759484
36080,4.250021
36081,4.272043
36082,4.2860394
36083,4.2820005
36084,4.2436805
36085,4.242737
36086,4.251575
36087,4.2523804
36088,4.297299
36089,3.893845
36090,3.9109712
36091,3.9602122
36092,4.0219145
36093,4.043316
36094,4.0796385
36095,4.101036
36096,4.101036
36097,4.101036
36098,4.1504364
36099,4.2351737
36100,4.2351737
36101,4.516279
36102,4.516279
36103,4.5572143
36104,4.424568
36105,4.424736
36106,4.6011057
36107,4.764766
36108,5.05871
36109,4.9515214
36110,4.738474
36111,4.738474
36112,4.7386317
36113,4.7506924
36114,4.2792087
36115,4.3370147
36116,4.3409295
36117,4.287162
36118,4.244082
36119,4.251575
36120,3.9109712
36121,4.0248795
36122,4.0796385
36123,4.1151385
36124,5.0585613
36125,5.0585613
36126,3.940311
36127,4.7657
36128,4.333018
36129,3.9109712
36130,4.0159707
36131,4.9982038
36132,4.2523804
36133,4.298349
36134,5.8874674
36135,4.1767693
36136,4.2476764
36137,5.8764324
36138,4.4226937
36139,4.954004
36140,4.7380295
36141,4.234185
36142,4.4262314
36143,4.2351737
36144,5.0571327
36145,4.250778
36146,4.7657733
36147,4.2523804
36148,4.8455086
36149,4.2588696
36150,4.2436805
36151,4.2810335
36152,3.9078665
36153,4.1906986
36154,4.226125
36155,4.2563086
36156,3.9529505
36157,4.4238067
36158,4.283183
36159,4.250778
36160,4.496083
36161,4.944009
36162,4.3370147
36163,3.9685822
36164,4.244485
36165,4.4247293
36166,4.7380304
36167,3.9761662
36168,4.2721334
36169,4.884208
36170,4.2983475
36171,3.8922763
36172,4.2531996
36173,4.4313927
36174,4.431395
36175,4.2983484
36176,4.3162875
36177,4.0263495
36178,4.1151304
36179,4.4915724
36180,4.765696
36181,4.3162875
36182,4.3162875
36183,4.1517935
36184,4.2792106
36185,4.0219054
36186,5.058184
36187,4.1906977
36188,4.288929
36189,4.337012
36190,4.7423215
36191,4.2673206
36192,4.242542
36193,4.163332
36194,4.2224846
36195,4.2351604
36196,4.4915733
36197,3.9761662
36198,4.424388
36199,4.963914
36200,4.163332
36201,4.234264
36202,4.36955
36203,5.058559
36204,4.251575
36205,4.970941
36206,4.0144644
36207,4.7405715
36208,4.2810345
36209,4.233987
36210,4.516268
36211,4.281964
36212,4.186797
36213,4.132995
36214,4.275652
36215,4.1213274
36216,5.05702
36217,3.9903169
36218,3.9903169
36219,5.0575633
36220,4.2497497
36221,4.1797867
36222,3.8614593
36223,3.9595141
36224,4.7380447
36225,4.3326764
36226,4.2333007
36227,4.27505
36228,4.27505
36229,4.2941318
36230,4.2941318
36231,4.3032227
36232,4.3120146
36233,4.3205056
36234,4.3205056
36235,4.3365846
36236,4.358432
36237,4.358432
36238,4.36511
36239,4.3775535
36240,4.2578917
36241,4.2697515
36242,4.2771735
36243,4.2550535
36244,4.23802
36245,4.2828784
36246,3.8645978
36247,3.8786807
36248,3.9251347
36249,3.9266734
36250,4.1797867
36251,4.344882
36252,4.530721
36253,4.4163284
36254,4.7634125
36255,4.2605176
36256,4.27505
36257,3.8786807
36258,4.0557194
36259,4.23802
36260,4.8873544
36261,4.04849
36262,4.4260993
36263,4.04849
36264,4.2392583
36265,4.3514485
36266,3.9366326
36267,4.2941318
36268,4.2605176
36269,4.237503
36270,3.863027
36271,3.9366326
36272,3.982831
36273,3.9933057
36274,4.098397
36275,4.486318
36276,4.479367
36277,4.949404
36278,4.876889
36279,4.7381797
36280,4.2818933
36281,4.1199493
36282,4.4140897
36283,4.887355
36284,4.3326764
36285,4.2221184
36286,4.466751
36287,4.255128
36288,3.8786683
36289,4.7381816
36290,4.7381816
36291,3.9281955
36292,4.0843
36293,4.749887
36294,4.371483
36295,4.210641
36296,4.2750487
36297,4.377549
36298,4.282139
36299,4.2497478
36300,4.1927843
36301,4.2056203
36302,4.2311378
36303,4.255128
36304,4.8613434
36305,4.891812
36306,4.800989
36307,4.7681546
36308,4.2388873
36309,4.2311378
36310,4.4979796
36311,4.47936
36312,4.409543
36313,4.7543626
36314,4.2818956
36315,4.2514663
36316,4.5307126
36317,4.1329813
36318,4.132981
36319,3.8903584
36320,4.406286
36321,4.1199374
36322,4.7473073
36323,4.1199427
36324,4.332675
36325,4.2412086
36326,4.0484853
36327,4.7473073
36328,4.2315807
36329,4.9518914
36330,4.3514485
36331,4.592692
36332,4.4735427
36333,6.1134143
36334,6.1149163
36335,5.962482
36336,6.0392647
36337,5.603436
36338,5.126891
36339,5.0624623
36340,4.880292
36341,4.880292
36342,4.9648566
36343,5.2441034
36344,5.441486
36345,5.4729877
36346,5.4680047
36347,5.468013
36348,5.465225
36349,5.254262
36350,5.2096467
36351,5.488439
36352,5.54394
36353,5.5464687
36354,5.542788
36355,5.600385
36356,5.58351
36357,5.600376
36358,5.6296167
36359,5.6463923
36360,5.6356883
36361,5.6598167
36362,5.6598287
36363,5.6836886
36364,5.7014093
36365,5.7014093
36366,5.7014093
36367,5.7014093
36368,5.7014093
36369,5.701422
36370,5.7180166
36371,5.7180166
36372,5.7014136
36373,5.7014136
36374,5.7014136
36375,5.7131376
36376,5.71313
36377,5.71313
36378,5.7131376
36379,5.7536654
36380,5.770136
36381,5.7650905
36382,5.7650905
36383,5.7989755
36384,5.8101397
36385,6.064402
36386,6.4509864
36387,6.7185135
36388,6.721959
36389,6.8454413
36390,6.8204694
36391,6.7665496
36392,6.693186
36393,6.593436
36394,6.4833074
36395,6.3032327
36396,4.288927
36397,4.298349
36398,4.324805
36399,4.3409295
36400,4.3409295
36401,4.3485427
36402,4.355849
36403,4.362854
36404,4.269749
36405,4.260776
36406,4.244485
36407,4.2425427
36408,4.242181
36409,4.2348986
36410,4.234111
36411,4.234185
36412,4.2342644
36413,4.251575
36414,4.2801003
36415,4.297299
36416,3.8969707
36417,3.9685822
36418,4.0219145
36419,4.0796385
36420,4.0796385
36421,4.086807
36422,4.101036
36423,4.101036
36424,4.1517963
36425,4.2351727
36426,4.2476754
36427,4.5044837
36428,4.4313984
36429,4.764766
36430,4.884209
36431,4.884207
36432,4.369553
36433,4.369553
36434,4.202803
36435,4.202803
36436,4.355849
36437,4.283183
36438,4.2421827
36439,3.9109712
36440,3.9225917
36441,3.9387808
36442,4.1517963
36443,4.1767693
36444,4.2476764
36445,4.8886704
36446,4.8737435
36447,4.7620015
36448,4.1531596
36449,4.2762613
36450,4.4313984
36451,4.1906986
36452,4.0159707
36453,3.893845
36454,4.2898283
36455,4.3759484
36456,4.163339
36457,4.4915853
36458,4.4212046
36459,4.801439
36460,4.738474
36461,4.369553
36462,3.9571605
36463,4.424736
36464,4.307469
36465,4.853103
36466,4.2476764
36467,4.333018
36468,4.163344
36469,4.2146106
36470,3.8922877
36471,4.356897
36472,4.944009
36473,4.2224913
36474,4.742265
36475,4.0159707
36476,4.424396
36477,4.7620015
36478,4.014478
36479,4.234111
36480,4.2342644
36481,4.429183
36482,4.2523794
36483,4.286031
36484,4.496076
36485,4.2476673
36486,4.3558464
36487,4.324802
36488,4.234264
36489,4.2531996
36490,4.163331
36491,4.3409295
36492,4.3759484
36493,4.2720423
36494,4.235167
36495,4.2834573
36496,4.23411
36497,4.4243903
36498,4.2146096
36499,4.2444863
36500,4.243678
36501,4.437995
36502,4.765771
36503,4.9490304
36504,3.896954
36505,4.282003
36506,4.3820386
36507,3.8938394
36508,3.8938394
36509,4.2351604
36510,4.286031
36511,4.2351604
36512,4.953141
36513,4.258868
36514,3.9109612
36515,4.2972984
36516,4.7386317
36517,4.288164
36518,4.3558445
36519,4.264759
36520,4.234263
36521,4.810566
36522,4.3074675
36523,4.01188
36524,4.259952
36525,4.894655
36526,4.7644258
36527,4.787014
36528,4.371483
36529,3.9442673
36530,4.239631
36531,4.3514485
36532,4.3775535
36533,4.2771735
36534,4.479367
36535,4.2769394
36536,4.4163284
36537,4.764423
36538,4.255131
36539,4.993219
36540,5.0579667
36541,4.186797
36542,4.244183
36543,4.2941318
36544,4.2941318
36545,4.3120146
36546,4.358432
36547,4.267633
36548,4.231581
36549,4.251467
36550,3.8903623
36551,3.8903623
36552,3.982831
36553,3.984332
36554,4.11234
36555,4.871684
36556,4.8665004
36557,4.932872
36558,4.9535894
36559,4.876889
36560,4.2717376
36561,3.9442673
36562,4.1226997
36563,3.984332
36564,4.3448863
36565,4.7512655
36566,4.186797
36567,4.2550535
36568,4.3514485
36569,4.250602
36570,4.3441687
36571,4.371483
36572,3.9948015
36573,4.800998
36574,3.9066453
36575,4.3326764
36576,4.3514485
36577,4.3775535
36578,4.2753363
36579,4.237834
36580,4.251467
36581,3.9595141
36582,3.9933057
36583,4.011879
36584,4.0484886
36585,4.0700793
36586,4.2430625
36587,4.479367
36588,4.4084244
36589,5.05702
36590,4.8873544
36591,4.737094
36592,4.7512655
36593,4.23802
36594,4.280904
36595,4.737912
36596,4.4140897
36597,4.2313457
36598,4.751265
36599,4.7553124
36600,4.358429
36601,4.377549
36602,4.240407
36603,4.269752
36604,4.871688
36605,4.0484853
36606,4.993219
36607,4.4110713
36608,4.210641
36609,4.358427
36610,4.2313457
36611,4.7543626
36612,3.925126
36613,4.2991805
36614,4.271737
36615,4.3448772
36616,3.8771086
36617,3.8614554
36618,3.9828277
36619,4.0843
36620,4.365109
36621,4.377549
36622,4.2605147
36623,4.27565
36624,3.9066372
36625,4.47354
36626,4.9872174
36627,5.0578794
36628,4.751265
36629,4.2550554
36630,4.112335
36631,4.606328
36632,3.8630185
36633,3.9932933
36634,3.8645868
36635,4.8562202
36636,4.2374997
36637,4.479704
36638,4.112335
36639,4.282139
